Company ,Link,Best For ,Service,Description 
HawkSEM ,https://hawksem.com,"B2B, B2C, Ecommerce, SaaS, Finance, Healthcare, Education, Professional services","SERVICES

Search Engine Marketing (SEM)
PPC and Paid Search
Paid social
Conversion rate optimization (CRO)
Search engine optimization (SEO)
Content strategy and creation",The SEM agency challenging what is to help you create what’s next.
Exclusive on Agital Company ,https://agital.com/exclusive-concepts-now-agital/,Online retailers,"Paid Search
Shopping Ads
Marketplace Ads
SEO
Email & SMS Marketing
Social Ads
Conversion Testing",Digital performance marketing & technology agency for eCommerce brands.
MUTESIX,https://mutesix.com,"Ecommerce, beauty brands, financial","Email marketing
Content creation
Bespoke production
Graphic design
Copywriting
CRM
TV/CTV",The leading full-funnel performance marketing agency accelerating growth for disruptor brands.
wpromote ,https://www.wpromote.com,Small businesses and Medium enterprise companies,"Paid Search
Paid Social
SEO
Content Marketing
Programmatic
Email Marketing
CRO",Award-winning digital marketing agency with offices across the United States.
tinuiti ,https://tinuiti.com,Streaming and SaaS brands focused on audience-centric growth marketing,"Streaming
Paid Media
Earned and owned media
Content creation
Analytics and performance monitoring","Streaming brands, we’ve got one of the best SaaS marketing agencies for your niche."
